First Name,Last Name,Date of Birth,Gmail ID,Country,,
Kristen,Jimenez,10/13/2005,kristenjimen05@gmail.com,United States,Done,
James,Baker,12/10/1999,jamesbkr99@gmail.com,United States,Done,
Teresa,Howard,3/23/1992,terhow92@gmail.com,United States,Done,
Kenneth,Williams,2/12/1998,kennwilli98@gmail.com,United States,Done,
Renee,Watts,1/18/1998,reneewatt98@gmail.com,United States,Done,
Mark,Smith,5/26/1997,marksmitth97@gmail.com,United States,Done,
Rebecca,Conley,12/19/1997,rebeccacon97@gmail.com,United States,Done,Subscribed
Edward,David,3/1/1999,edwarddavidd99@gmail.com,United States,Done,Subscribed
Charles,Cummings,10/3/1987,charlescummings1981un@gmail.com,United States,Done,Subscribed
Dawn,Bryant,6/26/1987,dawnbrya87@gmail.com,United States,Done,Subscribed
Joseph,Williams,3/25/1996,josephwillia96@gmail.com,United States,Done,Subscribed
Morgan,Phelps,11/8/1988,morganphel@gmail.com,United States,Done,Subscribed
Laurie,Edwards,3/24/1992,laurieedwards1972un@gmail.com,United States,Done,Subscribed
Cody,Chang,6/19/1997,codychang1967un@gmail.com,United States,Done,Subscribed
Alec,Taylor,12/12/1995,alectayl95@gmail.com,United States,Done,Subscribed
Mark,Kline,8/28/2006,markklin06@gmail.com,United States,,
Joseph,Quinn,9/12/1989,josephquinn1989un@gmail.com,United States,,
Lisa,White,8/13/1991,lisawhite1991un@gmail.com,United States,,
Ricardo,Bryant,8/4/1990,ricardobryant1990un@gmail.com,United States,,
Hannah,Mendoza,1/15/1993,hannahmendoza1993un@gmail.com,United States,,
Deborah,Robles,1/14/1972,deborahrobles1972un@gmail.com,United States,,
David,Barber,3/10/1975,davidbarber1975un@gmail.com,United States,,
Dale,Pruitt,3/9/1997,dalepruitt1997un@gmail.com,United States,,
Leah,Gregory,9/4/1976,leahgregory1976un@gmail.com,United States,,
Cheryl,Maxwell,12/11/2005,cherylmaxwell2005un@gmail.com,United States,,
Anthony,Cohen,3/26/1973,anthonycohen1973un@gmail.com,United States,,
Timothy,Freeman,4/30/1992,timothyfreeman1992un@gmail.com,United States,,
Scott,Brown,9/22/1985,scottbrown1985un@gmail.com,United States,,
Alexander,Oneill,1/21/2000,alexanderoneill2000un@gmail.com,United States,,
Katrina,Ray,10/16/2002,katrinaray2002un@gmail.com,United States,,
Jeffrey,Sosa,5/13/1987,jeffreysosa1987un@gmail.com,United States,,
April,Watts,5/31/2006,aprilwatts2006un@gmail.com,United States,,
Cody,Stanley,4/4/1981,codystanley1981un@gmail.com,United States,,
Timothy,Alvarado,7/14/1990,timothyalvarado1990un@gmail.com,United States,,
Edgar,Serrano,1/19/2006,edgarserrano2006un@gmail.com,United States,,
Brian,Schneider,1/8/1975,brianschneider1975un@gmail.com,United States,,
William,Harrison,1/31/1998,williamharrison1998un@gmail.com,United States,,
Molly,Jones,10/18/1997,mollyjones1997un@gmail.com,United States,,
Malik,Rivera,4/9/1983,malikrivera1983un@gmail.com,United States,,
Brent,Walker,2/9/1990,brentwalker1990un@gmail.com,United States,,
Richard,Young,8/1/1995,richardyoung1995un@gmail.com,United States,,
Sean,Berry,5/1/1970,seanberry1970un@gmail.com,United States,,
Melissa,West,6/2/1972,melissawest1972un@gmail.com,United States,,
Tina,Mcgee,7/20/1965,tinamcgee1965un@gmail.com,United States,,
Curtis,Gutierrez,4/3/2002,curtisgutierrez2002un@gmail.com,United States,,
Andrea,Petersen,6/16/2005,andreapetersen2005un@gmail.com,United States,,
Sylvia,Walsh,12/7/1998,sylviawalsh1998un@gmail.com,United States,,
Anna,Pena,5/22/1995,annapena1995un@gmail.com,United States,,
Stephanie,Cox,1/14/1968,stephaniecox1968un@gmail.com,United States,,
Lisa,Richard,12/7/1986,lisarichard1986un@gmail.com,United States,,
Ann,Harvey,7/15/1996,annharvey1996un@gmail.com,United States,,
Jennifer,Cox,2/19/1995,jennifercox1995un@gmail.com,United States,,
Daniel,Malone,6/7/1979,danielmalone1979un@gmail.com,United States,,
Aaron,Kelly,3/18/1984,aaronkelly1984un@gmail.com,United States,,
Amy,Brooks,7/30/1971,amybrooks1971un@gmail.com,United States,,
Brandon,Martin,11/24/1973,brandonmartin1973un@gmail.com,United States,,
Lydia,Newton,3/9/1992,lydianewton1992un@gmail.com,United States,,
Daniel,Carr,2/7/1977,danielcarr1977un@gmail.com,United States,,
David,Phelps,1/5/1979,davidphelps1979un@gmail.com,United States,,
Stephen,Harrington,5/4/1987,stephenharrington1987un@gmail.com,United States,,
Daniel,Perry,5/29/2004,danielperry2004un@gmail.com,United States,,
David,Snow,6/20/1995,davidsnow1995un@gmail.com,United States,,
Dominique,Blanchard,7/3/1973,dominiqueblanchard1973un@gmail.com,United States,,
Tamara,Smith,8/25/1967,tamarasmith1967un@gmail.com,United States,,
Angela,Reynolds,2/28/2004,angelareynolds2004un@gmail.com,United States,,
Timothy,Romero,5/26/1976,timothyromero1976un@gmail.com,United States,,
Heather,Thompson,1/28/1973,heatherthompson1973un@gmail.com,United States,,
Dale,Sandoval,8/4/2005,dalesandoval2005un@gmail.com,United States,,
Nicole,Gordon,7/8/1990,nicolegordon1990un@gmail.com,United States,,
Robert,Lynch,3/27/1981,robertlynch1981un@gmail.com,United States,,
Joshua,Stuart,5/11/1984,joshuastuart1984un@gmail.com,United States,,
Shawn,Anderson,6/5/1992,shawnanderson1992un@gmail.com,United States,,
Carrie,Tanner,3/16/1999,carrietanner1999un@gmail.com,United States,,
Kent,Miles,9/14/1985,kentmiles1985un@gmail.com,United States,,
Jennifer,Walls,2/18/1979,jenniferwalls1979un@gmail.com,United States,,
James,Weber,2/12/1984,jamesweber1984un@gmail.com,United States,,
Glenda,Morse,5/15/1973,glendamorse1973un@gmail.com,United States,,
Tina,Santos,6/10/1976,tinasantos1976un@gmail.com,United States,,
William,Benson,4/12/1986,williambenson1986un@gmail.com,United States,,
Jennifer,Hodges,8/9/2002,jenniferhodges2002un@gmail.com,United States,,
Timothy,Duncan,10/1/1992,timothyduncan1992un@gmail.com,United States,,
Emily,English,9/3/2000,emilyenglish2000un@gmail.com,United States,,
Justin,Boone,3/18/1965,justinboone1965un@gmail.com,United States,,
Alexandra,Johnson,3/26/1974,alexandrajohnson1974un@gmail.com,United States,,
Brian,Brown,7/5/1982,brianbrown1982un@gmail.com,United States,,
Karen,Martin,11/5/1983,karenmartin1983un@gmail.com,United States,,
Frances,Thomas,7/24/1968,francesthomas1968un@gmail.com,United States,,
Hannah,Phillips,3/2/2001,hannahphillips2001un@gmail.com,United States,,
Antonio,Cervantes,4/26/1971,antoniocervantes1971un@gmail.com,United States,,
Christina,Lowe,7/30/2002,christinalowe2002un@gmail.com,United States,,
Levi,Nogueira,7/5/1980,levinogueira1980br@gmail.com,Brazil,,
Daniela,Gomes,7/16/1967,danielagomes1967br@gmail.com,Brazil,,
Vitor Hugo,Nogueira,9/8/1992,vitorhugonogueira1992br@gmail.com,Brazil,,
Valentina,Lopes,11/30/2001,valentinalopes2001br@gmail.com,Brazil,,
Calebe,Alves,6/12/1981,calebealves1981br@gmail.com,Brazil,,
João,Pires,9/10/1979,joãopires1979br@gmail.com,Brazil,,
Luana,Moura,5/19/2004,luanamoura2004br@gmail.com,Brazil,,
Fernanda,da Paz,7/5/1977,fernandadapaz1977br@gmail.com,Brazil,,
Nicolas,Porto,5/31/1976,nicolasporto1976br@gmail.com,Brazil,,
Maria Julia,Cardoso,1/24/1977,mariajuliacardoso1977br@gmail.com,Brazil,,
João Felipe,Silva,6/18/1972,joãofelipesilva1972br@gmail.com,Brazil,,
Vitor Gabriel,Barbosa,7/2/1993,vitorgabrielbarbosa1993br@gmail.com,Brazil,,
Matheus,Ferreira,3/11/1973,matheusferreira1973br@gmail.com,Brazil,,
Igor,Fernandes,9/22/1964,igorfernandes1964br@gmail.com,Brazil,,
Rafael,Rezende,11/16/1974,rafaelrezende1974br@gmail.com,Brazil,,
Bruno,da Costa,4/19/1986,brunodacosta1986br@gmail.com,Brazil,,
Juliana,Barros,11/24/2006,julianabarros2006br@gmail.com,Brazil,,
Laura,Jesus,9/21/1997,laurajesus1997br@gmail.com,Brazil,,
Vitória,Vieira,9/16/1988,vitóriavieira1988br@gmail.com,Brazil,,
Danilo,Lopes,2/4/2000,danilolopes2000br@gmail.com,Brazil,,
Leonardo,da Mata,10/8/1999,leonardodamata1999br@gmail.com,Brazil,,
Daniel,Santos,3/10/1975,danielsantos1975br@gmail.com,Brazil,,
Amanda,Viana,11/20/2000,amandaviana2000br@gmail.com,Brazil,,
Alexia,Carvalho,2/13/1988,alexiacarvalho1988br@gmail.com,Brazil,,
Leonardo,da Rosa,12/5/1986,leonardodarosa1986br@gmail.com,Brazil,,
Rafael,Moreira,4/26/1984,rafaelmoreira1984br@gmail.com,Brazil,,
Leandro,Souza,8/27/1996,leandrosouza1996br@gmail.com,Brazil,,
Helena,Alves,2/24/1972,helenaalves1972br@gmail.com,Brazil,,
Maria Clara,Monteiro,9/2/1994,mariaclaramonteiro1994br@gmail.com,Brazil,,
Lucca,Farias,1/21/1967,luccafarias1967br@gmail.com,Brazil,,
Maria Julia,Martins,4/18/1990,mariajuliamartins1990br@gmail.com,Brazil,,
Yasmin,Correia,8/7/1990,yasmincorreia1990br@gmail.com,Brazil,,
Luiz Gustavo,Viana,8/3/1983,luizgustavoviana1983br@gmail.com,Brazil,,
Benjamin,Silveira,11/9/1989,benjaminsilveira1989br@gmail.com,Brazil,,
Eduarda,Silva,8/30/1994,eduardasilva1994br@gmail.com,Brazil,,
Carolina,Barbosa,7/6/1984,carolinabarbosa1984br@gmail.com,Brazil,,
Maitê,da Mota,2/20/1986,maitêdamota1986br@gmail.com,Brazil,,
Eduarda,Cardoso,11/15/1970,eduardacardoso1970br@gmail.com,Brazil,,
Isaac,Teixeira,8/16/2000,isaacteixeira2000br@gmail.com,Brazil,,
André,Campos,9/8/1978,andrécampos1978br@gmail.com,Brazil,,
Maria Clara,da Rosa,3/17/1993,mariaclaradarosa1993br@gmail.com,Brazil,,
Emanuel,da Rocha,12/7/2000,emanueldarocha2000br@gmail.com,Brazil,,
Mariana,Pinto,4/1/1969,marianapinto1969br@gmail.com,Brazil,,
Rafaela,da Costa,12/16/1965,rafaeladacosta1965br@gmail.com,Brazil,,
Ana,Melo,12/2/1966,anamelo1966br@gmail.com,Brazil,,
Davi,Cardoso,1/13/1968,davicardoso1968br@gmail.com,Brazil,,
João Gabriel,Fernandes,4/27/2002,joãogabrielfernandes2002br@gmail.com,Brazil,,
Danilo,Dias,12/10/1981,danilodias1981br@gmail.com,Brazil,,
Alice,Nogueira,1/15/1995,alicenogueira1995br@gmail.com,Brazil,,
Lorena,Nunes,10/22/1993,lorenanunes1993br@gmail.com,Brazil,,
Pedro Lucas,Aragão,11/6/1990,pedrolucasaragão1990br@gmail.com,Brazil,,
Maria Eduarda,Costa,9/26/2000,mariaeduardacosta2000br@gmail.com,Brazil,,
André,Campos,3/11/2004,andrécampos2004br@gmail.com,Brazil,,
Bryan,Cardoso,9/6/1988,bryancardoso1988br@gmail.com,Brazil,,
Clara,Cavalcanti,1/24/1984,claracavalcanti1984br@gmail.com,Brazil,,
Valentina,Jesus,8/14/2005,valentinajesus2005br@gmail.com,Brazil,,
Davi,Gomes,2/15/1994,davigomes1994br@gmail.com,Brazil,,
Vitor Hugo,Novaes,6/10/1966,vitorhugonovaes1966br@gmail.com,Brazil,,
Bruna,da Cruz,8/23/2000,brunadacruz2000br@gmail.com,Brazil,,
Leonardo,Cunha,12/13/1990,leonardocunha1990br@gmail.com,Brazil,,
Yasmin,Viana,5/31/1984,yasminviana1984br@gmail.com,Brazil,,
Luana,da Conceição,8/16/1984,luanadaconceição1984br@gmail.com,Brazil,,
Maria Fernanda,Moura,2/6/1965,mariafernandamoura1965br@gmail.com,Brazil,,
Gabrielly,da Conceição,9/23/1972,gabriellydaconceição1972br@gmail.com,Brazil,,
Bruno,Almeida,4/25/2003,brunoalmeida2003br@gmail.com,Brazil,,
Juliana,Novaes,11/22/2000,juliananovaes2000br@gmail.com,Brazil,,
Gabriela,Cardoso,1/28/1985,gabrielacardoso1985br@gmail.com,Brazil,,
Kaique,Monteiro,10/1/1978,kaiquemonteiro1978br@gmail.com,Brazil,,
Alícia,Silva,1/13/1974,alíciasilva1974br@gmail.com,Brazil,,
Igor,da Mata,5/14/1979,igordamata1979br@gmail.com,Brazil,,
Laura,Fernandes,7/26/1977,laurafernandes1977br@gmail.com,Brazil,,
Enzo,da Mata,12/12/2002,enzodamata2002br@gmail.com,Brazil,,
Calebe,Vieira,9/24/1995,calebevieira1995br@gmail.com,Brazil,,
Lívia,Vieira,4/27/1969,líviavieira1969br@gmail.com,Brazil,,
Nathan,Campos,5/26/1981,nathancampos1981br@gmail.com,Brazil,,
Eduardo,da Paz,11/7/2003,eduardodapaz2003br@gmail.com,Brazil,,
Carolina,Melo,8/23/1988,carolinamelo1988br@gmail.com,Brazil,,
Fernando,Duarte,2/24/1971,fernandoduarte1971br@gmail.com,Brazil,,
Miguel,Campos,7/5/1977,miguelcampos1977br@gmail.com,Brazil,,
Pedro Miguel,Rodrigues,1/3/1995,pedromiguelrodrigues1995br@gmail.com,Brazil,,
Rafael,Lima,2/4/2004,rafaellima2004br@gmail.com,Brazil,,
Henrique,Moreira,11/13/1985,henriquemoreira1985br@gmail.com,Brazil,,
Ana Clara,da Cunha,9/2/1964,anaclaradacunha1964br@gmail.com,Brazil,,
Pedro Lucas,Farias,6/2/1979,pedrolucasfarias1979br@gmail.com,Brazil,,
Maysa,Pinto,3/3/1983,maysapinto1983br@gmail.com,Brazil,,
Thiago,Cunha,11/27/1986,thiagocunha1986br@gmail.com,Brazil,,
Bárbara,Rezende,8/25/1994,bárbararezende1994br@gmail.com,Brazil,,
Theo,Lima,6/24/1997,theolima1997br@gmail.com,Brazil,,
Gabrielly,Cavalcanti,4/20/1976,gabriellycavalcanti1976br@gmail.com,Brazil,,
Lívia,Cardoso,6/9/1983,líviacardoso1983br@gmail.com,Brazil,,
Natali,Etzold,12/29/2000,natalietzold2000ge@gmail.com,Germany,,
Hans-Peter,Hesse,12/25/2006,hans-peterhesse2006ge@gmail.com,Germany,,
Cornelius,Wagenknecht,6/22/1969,corneliuswagenknecht1969ge@gmail.com,Germany,,
Rosalie,Bähr,11/8/1998,rosaliebähr1998ge@gmail.com,Germany,,
Eva-Maria,Becker,12/9/2003,eva-mariabecker2003ge@gmail.com,Germany,,
Clara,Ladeck,6/29/2004,claraladeck2004ge@gmail.com,Germany,,
Heini,Beier,11/16/2001,heinibeier2001ge@gmail.com,Germany,,
Johann,Ritter,1/24/2001,johannritter2001ge@gmail.com,Germany,,
Wieslaw,Sölzer,6/16/1974,wieslawsölzer1974ge@gmail.com,Germany,,
Pascal,Kreusel,7/16/1979,pascalkreusel1979ge@gmail.com,Germany,,
Rosa-Maria,Wulf,6/18/2004,rosa-mariawulf2004ge@gmail.com,Germany,,
Jaqueline,Hoffmann,6/14/1973,jaquelinehoffmann1973ge@gmail.com,Germany,,
Vito,Paffrath,1/28/1999,vitopaffrath1999ge@gmail.com,Germany,,
Dimitrios,Kuhl,2/6/1989,dimitrioskuhl1989ge@gmail.com,Germany,,
Alla,Atzler,8/6/1980,allaatzler1980ge@gmail.com,Germany,,
Minna,Schmiedt,8/18/1975,minnaschmiedt1975ge@gmail.com,Germany,,
Kathy,Plath,11/22/1973,kathyplath1973ge@gmail.com,Germany,,
Tilo,Freudenberger,7/13/1976,tilofreudenberger1976ge@gmail.com,Germany,,
Carolin,Rosenow,4/16/1974,carolinrosenow1974ge@gmail.com,Germany,,
Jelena,Wähner,3/30/1997,jelenawähner1997ge@gmail.com,Germany,,
Telse,Klemt,2/3/1967,telseklemt1967ge@gmail.com,Germany,,
Heinz-Otto,Wieloch,7/11/1997,heinz-ottowieloch1997ge@gmail.com,Germany,,
Hilmar,Bolnbach,5/1/1982,hilmarbolnbach1982ge@gmail.com,Germany,,
Paul-Heinz,Heintze,4/4/1967,paul-heinzheintze1967ge@gmail.com,Germany,,
Grazyna,Haering,8/2/1999,grazynahaering1999ge@gmail.com,Germany,,
Sevim,Klingelhöfer,10/2/1990,sevimklingelhöfer1990ge@gmail.com,Germany,,
Walter,Meyer,7/3/1967,waltermeyer1967ge@gmail.com,Germany,,
Arnulf,Siering,5/24/1986,arnulfsiering1986ge@gmail.com,Germany,,
Edward,Trommler,10/27/1999,edwardtrommler1999ge@gmail.com,Germany,,
Evelin,Höfig,4/5/1982,evelinhöfig1982ge@gmail.com,Germany,,
Clara,Ritter,2/21/2003,clararitter2003ge@gmail.com,Germany,,
Halil,Kohl,2/6/1990,halilkohl1990ge@gmail.com,Germany,,
Paolo,Schacht,8/21/1969,paoloschacht1969ge@gmail.com,Germany,,
Anna,Hermann,12/13/1989,annahermann1989ge@gmail.com,Germany,,
Xenia,Hauffer,6/25/1999,xeniahauffer1999ge@gmail.com,Germany,,
Rudi,Kitzmann,10/27/1987,rudikitzmann1987ge@gmail.com,Germany,,
Zlatko,Nette,6/16/2005,zlatkonette2005ge@gmail.com,Germany,,
Ahmad,Paffrath,10/19/1973,ahmadpaffrath1973ge@gmail.com,Germany,,
Theodor,Gehringer,12/29/1979,theodorgehringer1979ge@gmail.com,Germany,,
Cosimo,Plath,6/14/1983,cosimoplath1983ge@gmail.com,Germany,,
Heiner,Fischer,1/22/1977,heinerfischer1977ge@gmail.com,Germany,,
Gilbert,Klotz,4/23/2005,gilbertklotz2005ge@gmail.com,Germany,,
Iris,Drubin,1/7/1980,irisdrubin1980ge@gmail.com,Germany,,
Sedat,Kabus,1/21/1972,sedatkabus1972ge@gmail.com,Germany,,
Wolfhard,Stiebitz,12/4/1996,wolfhardstiebitz1996ge@gmail.com,Germany,,
Wolf,Häring,7/18/2004,wolfhäring2004ge@gmail.com,Germany,,
Gottfried,Seip,4/20/1992,gottfriedseip1992ge@gmail.com,Germany,,
Anatol,Henk,4/12/1967,anatolhenk1967ge@gmail.com,Germany,,
Ferenc,Ruppert,8/25/2004,ferencruppert2004ge@gmail.com,Germany,,
Gordon,Eimer,3/8/2007,gordoneimer2007ge@gmail.com,Germany,,
Angelique,Benthin,4/14/2003,angeliquebenthin2003ge@gmail.com,Germany,,
Gabriel,Blümel,8/30/1975,gabrielblümel1975ge@gmail.com,Germany,,
Jobst,Girschner,7/2/1999,jobstgirschner1999ge@gmail.com,Germany,,
Verena,Ladeck,2/16/2005,verenaladeck2005ge@gmail.com,Germany,,
Wera,Rosemann,8/10/1965,werarosemann1965ge@gmail.com,Germany,,
Priska,Ullrich,8/19/1983,priskaullrich1983ge@gmail.com,Germany,,
Trude,Caspar,1/30/1979,trudecaspar1979ge@gmail.com,Germany,,
Tom,Schlosser,6/3/1996,tomschlosser1996ge@gmail.com,Germany,,
Nurten,Nette,12/13/1975,nurtennette1975ge@gmail.com,Germany,,
Heinz-Peter,Lehmann,3/24/2005,heinz-peterlehmann2005ge@gmail.com,Germany,,
Friedhold,Sauer,9/19/1976,friedholdsauer1976ge@gmail.com,Germany,,
Emilia,Speer,2/7/1999,emiliaspeer1999ge@gmail.com,Germany,,
Josef,Geisel,8/30/1987,josefgeisel1987ge@gmail.com,Germany,,
Sophia,Meyer,12/7/2004,sophiameyer2004ge@gmail.com,Germany,,
Daniela,Bohnbach,12/25/1979,danielabohnbach1979ge@gmail.com,Germany,,
Pirmin,Kraushaar,5/4/1973,pirminkraushaar1973ge@gmail.com,Germany,,
Elias,Bachmann,2/10/1978,eliasbachmann1978ge@gmail.com,Germany,,
Annedore,Patberg,11/28/1992,annedorepatberg1992ge@gmail.com,Germany,,
Marija,Fischer,7/19/2005,marijafischer2005ge@gmail.com,Germany,,
Dursun,Gierschner,9/21/1996,dursungierschner1996ge@gmail.com,Germany,,
Sabine,Schmiedt,2/27/2005,sabineschmiedt2005ge@gmail.com,Germany,,
Arno,Zirme,7/3/2000,arnozirme2000ge@gmail.com,Germany,,
Almut,Wernecke,5/3/1972,almutwernecke1972ge@gmail.com,Germany,,
Dogan,Nette,3/18/1973,dogannette1973ge@gmail.com,Germany,,
Sabrina,Schleich,1/15/2001,sabrinaschleich2001ge@gmail.com,Germany,,
Marina,Ackermann,9/14/1993,marinaackermann1993ge@gmail.com,Germany,,
Anne-Rose,Löchel,7/18/1989,anne-roselöchel1989ge@gmail.com,Germany,,
Paula,Beyer,5/24/2000,paulabeyer2000ge@gmail.com,Germany,,
Stavros,Hein,2/24/1997,stavroshein1997ge@gmail.com,Germany,,
Lisbeth,Wirth,4/14/1990,lisbethwirth1990ge@gmail.com,Germany,,
Niklas,Schäfer,7/19/2003,niklasschäfer2003ge@gmail.com,Germany,,
Eberhardt,Loos,6/14/1973,eberhardtloos1973ge@gmail.com,Germany,,
Jaroslaw,Naser,3/1/1980,jaroslawnaser1980ge@gmail.com,Germany,,
Sibylla,Carsten,8/14/1983,sibyllacarsten1983ge@gmail.com,Germany,,
Doreen,Ritter,2/24/1992,doreenritter1992ge@gmail.com,Germany,,
Joachim,Graf,9/17/1964,joachimgraf1964ge@gmail.com,Germany,,
Inga,Weinhold,10/28/1964,ingaweinhold1964ge@gmail.com,Germany,,
Cindy,Pruschke,5/11/1972,cindypruschke1972ge@gmail.com,Germany,,
Annamaria,Albers,11/11/1989,annamariaalbers1989ge@gmail.com,Germany,,
Geraldine,Haering,11/2/1985,geraldinehaering1985ge@gmail.com,Germany,,
Yuvraj ,Golla,8/6/1971,yuvrajgolla1971in@gmail.com,India,,
Indrans,Kala,3/5/2004,indranskala2004in@gmail.com,India,,
Ojas,De,10/27/2000,ojasde2000in@gmail.com,India,,
Aarna,Mandal,3/23/1989,aarnamandal1989in@gmail.com,India,,
Manjari,Devi,5/22/1991,manjaridevi1991in@gmail.com,India,,
Tanya,Chaudry,6/17/1992,tanyachaudry1992in@gmail.com,India,,
Ishita,Srinivasan,4/14/2002,ishitasrinivasan2002in@gmail.com,India,,
Anya,Chakraborty,7/14/1989,anyachakraborty1989in@gmail.com,India,,
Jhanvi,Mall,4/5/1997,jhanvimall1997in@gmail.com,India,,
Ojas,Dube,8/26/2003,ojasdube2003in@gmail.com,India,,
Shray,Soman,6/8/1991,shraysoman1991in@gmail.com,India,,
Sara,Biswas,6/11/1972,sarabiswas1972in@gmail.com,India,,
Siya,Contractor,9/25/1994,siyacontractor1994in@gmail.com,India,,
Vardaniya,Sarma,5/9/1975,vardaniyasarma1975in@gmail.com,India,,
Divyansh,Chhabra,12/7/1998,divyanshchhabra1998in@gmail.com,India,,
Yakshit,Srivastava,5/16/1987,yakshitsrivastava1987in@gmail.com,India,,
Zaina,Maharaj,2/15/2006,zainamaharaj2006in@gmail.com,India,,
Rasha,Sani,11/19/1967,rashasani1967in@gmail.com,India,,
Ishaan,Hayer,9/13/1964,ishaanhayer1964in@gmail.com,India,,
Zaina,Bath,3/26/1974,zainabath1974in@gmail.com,India,,
Anaya,Rama,12/20/1993,anayarama1993in@gmail.com,India,,
Dhruv,Balay,3/31/1982,dhruvbalay1982in@gmail.com,India,,
Madhup,Goyal,10/15/1969,madhupgoyal1969in@gmail.com,India,,
Mahika,Bahl,6/30/1990,mahikabahl1990in@gmail.com,India,,
Yakshit,Rana,10/18/1999,yakshitrana1999in@gmail.com,India,,
Reyansh,Sawhney,12/31/2004,reyanshsawhney2004in@gmail.com,India,,
Bhavin,Soman,4/8/1976,bhavinsoman1976in@gmail.com,India,,
Navya,Kota,3/19/1994,navyakota1994in@gmail.com,India,,
Aayush,Chaudhuri,8/8/1999,aayushchaudhuri1999in@gmail.com,India,,
Reyansh,Chatterjee,8/18/1966,reyanshchatterjee1966in@gmail.com,India,,
Vardaniya,Ram,1/31/1999,vardaniyaram1999in@gmail.com,India,,
Ela,Sarkar,2/9/1980,elasarkar1980in@gmail.com,India,,
Mannat,Chad,10/18/1966,mannatchad1966in@gmail.com,India,,
Taran,Dar,5/12/1964,tarandar1964in@gmail.com,India,,
Indranil,Bassi,2/13/1983,indranilbassi1983in@gmail.com,India,,
Vanya,Iyengar,5/16/1988,vanyaiyengar1988in@gmail.com,India,,
Oorja,Hora,12/7/1991,oorjahora1991in@gmail.com,India,,
Khushi,Chaudhry,7/29/1999,khushichaudhry1999in@gmail.com,India,,
Abram,Shan,1/4/1969,abramshan1969in@gmail.com,India,,
Divij,Maharaj,9/14/1983,divijmaharaj1983in@gmail.com,India,,
Samaira,Thakkar,5/22/2002,samairathakkar2002in@gmail.com,India,,
Keya,Ghosh,12/27/1987,keyaghosh1987in@gmail.com,India,,
Raghav,Chowdhury,8/9/2005,raghavchowdhury2005in@gmail.com,India,,
Kartik,Karan,10/31/1991,kartikkaran1991in@gmail.com,India,,
Kashvi,Agate,2/9/1982,kashviagate1982in@gmail.com,India,,
Jayant,Jani,10/16/1998,jayantjani1998in@gmail.com,India,,
Emir,Mammen,4/8/1969,emirmammen1969in@gmail.com,India,,
Damini,Din,6/23/1987,daminidin1987in@gmail.com,India,,
Farhan,Suri,4/9/1999,farhansuri1999in@gmail.com,India,,
Onkar,Vora,12/11/2000,onkarvora2000in@gmail.com,India,,
Yashvi,Mani,5/13/1981,yashvimani1981in@gmail.com,India,,
Rania,Kant,1/1/1990,raniakant1990in@gmail.com,India,,
Jivika,Khurana,11/23/1980,jivikakhurana1980in@gmail.com,India,,
Tanya,Gara,7/26/1995,tanyagara1995in@gmail.com,India,,
Pihu,Karpe,4/10/2004,pihukarpe2004in@gmail.com,India,,
Aniruddh,Khosla,4/2/1972,aniruddhkhosla1972in@gmail.com,India,,
Pranay,Bandi,5/20/1990,pranaybandi1990in@gmail.com,India,,
Myra,Subramaniam,5/4/1979,myrasubramaniam1979in@gmail.com,India,,
Parinaaz,Sarna,12/27/1979,parinaazsarna1979in@gmail.com,India,,
Yasmin,Dugar,5/28/1992,yasmindugar1992in@gmail.com,India,,
Sumer,Kuruvilla,10/16/2000,sumerkuruvilla2000in@gmail.com,India,,
Aayush,Sarma,4/6/1982,aayushsarma1982in@gmail.com,India,,
Nishith,Dhawan,9/2/1970,nishithdhawan1970in@gmail.com,India,,
Yakshit,Samra,8/13/1987,yakshitsamra1987in@gmail.com,India,,
Dhanuk,Malhotra,6/27/1976,dhanukmalhotra1976in@gmail.com,India,,
Anika,Dugar,5/26/1988,anikadugar1988in@gmail.com,India,,
Madhav,Warrior,5/20/2003,madhavwarrior2003in@gmail.com,India,,
Priyansh,Chand,4/13/1977,priyanshchand1977in@gmail.com,India,,
Charvi,Shan,12/5/1977,charvishan1977in@gmail.com,India,,
Miraan,Shah,10/24/1980,miraanshah1980in@gmail.com,India,,
Prerak,Chauhan,12/9/1979,prerakchauhan1979in@gmail.com,India,,
Krish,Tiwari,5/2/1981,krishtiwari1981in@gmail.com,India,,
Miraya,Gokhale,12/16/1974,mirayagokhale1974in@gmail.com,India,,
Vanya,Bera,7/1/1992,vanyabera92@gmail.com,India,Done,
Dhanush,Sandhu,11/13/1997,dhanushsandhu1997in@gmail.com,India,,
Mannat,Aggarwal,3/10/2001,mannataggarwal2001in@gmail.com,India,,
Arnav,Vala,2/28/1997,arnavvala1997in@gmail.com,India,,
Umang,Rao,10/21/1985,umangrao1985in@gmail.com,India,,
Bhamini,Yadav,6/9/2003,bhaminiyadav2003in@gmail.com,India,,
Raghav,Korpal,10/14/1976,raghavkorpal1976in@gmail.com,India,,
Tarini,Kumer,6/1/1983,tarinikumer1983in@gmail.com,India,,
Vivaan,Choudhry,8/2/2003,vivaanchoudhry2003in@gmail.com,India,,
Gokul,Bala,2/13/2000,gokulbala2000in@gmail.com,India,,
Yasmin,Kakar,11/21/1996,yasminkakar1996in@gmail.com,India,,
Hrishita,Babu,7/15/1998,hrishitababu1998in@gmail.com,India,,
Shray,Hegde,3/27/1976,shrayhegde1976in@gmail.com,India,,
Amira,Bhasin,8/10/1999,amirabhasin1999in@gmail.com,India,,
Amira,Dugar,11/30/1964,amiradugar1964in@gmail.com,India,,
Abram,Sandal,9/7/1978,abramsandal1978in@gmail.com,India,,
Vaibhav,Mannan,3/14/1971,vaibhavmannan1971in@gmail.com,India,,
Mark,Salazar,1/5/1982,marksalazar1982ni@gmail.com,Nigeria,,
Jacob,Baker,9/4/1982,jacobbaker1982ni@gmail.com,Nigeria,,
Thomas,Austin,3/30/1989,thomasaustin1989ni@gmail.com,Nigeria,,
Ivan,Coleman,11/10/1992,ivancoleman1992ni@gmail.com,Nigeria,,
Jaclyn,Watson,8/8/1991,jaclynwatson1991ni@gmail.com,Nigeria,,
Joshua,White,4/7/1973,joshuawhite1973ni@gmail.com,Nigeria,,
Tiffany,Parks,2/20/1971,tiffanyparks1971ni@gmail.com,Nigeria,,
Jennifer,Brock,2/18/2002,jenniferbrock2002ni@gmail.com,Nigeria,,
Ryan,James,4/7/1974,ryanjames1974ni@gmail.com,Nigeria,,
Lauren,Rodgers,7/12/1996,laurenrodgers1996ni@gmail.com,Nigeria,,
Linda,Thompson,5/4/1998,lindathompson1998ni@gmail.com,Nigeria,,
Dennis,Barry,4/4/2007,dennisbarry2007ni@gmail.com,Nigeria,,
Zachary,Le,6/16/1997,zacharyle1997ni@gmail.com,Nigeria,,
Kevin,Hart,12/25/2002,kevinhart2002ni@gmail.com,Nigeria,,
Brandon,Garcia,6/16/1975,brandongarcia1975ni@gmail.com,Nigeria,,
Brian,Cervantes,10/8/1996,briancervantes1996ni@gmail.com,Nigeria,,
Mary,Davis,2/11/1987,marydavis1987ni@gmail.com,Nigeria,,
Jordan,Ward,4/12/2002,jordanward2002ni@gmail.com,Nigeria,,
Sarah,Scott,9/10/1965,sarahscott1965ni@gmail.com,Nigeria,,
Robert,Bell,7/20/2005,robertbell2005ni@gmail.com,Nigeria,,
James,Johnston,12/24/2000,jamesjohnston2000ni@gmail.com,Nigeria,,
Greg,Deleon,7/4/1988,gregdeleon1988ni@gmail.com,Nigeria,,
Mark,Dixon,10/3/1994,markdixon1994ni@gmail.com,Nigeria,,
Pamela,James,11/3/1983,pamelajames1983ni@gmail.com,Nigeria,,
Steven,Frye,9/30/1975,stevenfrye1975ni@gmail.com,Nigeria,,
Danielle,Mcfarland,1/17/1993,daniellemcfarland1993ni@gmail.com,Nigeria,,
Crystal,Duncan,3/13/1969,crystalduncan1969ni@gmail.com,Nigeria,,
Christian,Cooper,9/3/1985,christiancooper1985ni@gmail.com,Nigeria,,
Logan,Carter,7/18/1982,logancarter1982ni@gmail.com,Nigeria,,
Catherine,Foster,8/14/1994,catherinefoster1994ni@gmail.com,Nigeria,,
Kimberly,Mcmillan,4/12/2004,kimberlymcmillan2004ni@gmail.com,Nigeria,,
Abigail,Cole,9/23/1975,abigailcole1975ni@gmail.com,Nigeria,,
Ivan,Johnson,4/22/1980,ivanjohnson1980ni@gmail.com,Nigeria,,
Ebony,Shepard,10/16/1969,ebonyshepard1969ni@gmail.com,Nigeria,,
Jason,Sanders,11/5/1970,jasonsanders1970ni@gmail.com,Nigeria,,
Caleb,Johns,8/30/2001,calebjohns2001ni@gmail.com,Nigeria,,
Brian,Wise,12/31/1999,brianwise1999ni@gmail.com,Nigeria,,
Kathy,Miller,3/15/1982,kathymiller1982ni@gmail.com,Nigeria,,
Christine,Miller,11/14/1990,christinemiller1990ni@gmail.com,Nigeria,,
Kyle,Wright,9/6/1983,kylewright1983ni@gmail.com,Nigeria,,
Scott,Martinez,3/9/2000,scottmartinez2000ni@gmail.com,Nigeria,,
Mary,Johnson,8/16/1988,maryjohnson1988ni@gmail.com,Nigeria,,
Michelle,Nguyen,9/28/1996,michellenguyen1996ni@gmail.com,Nigeria,,
Tanner,Pitts,11/17/1982,tannerpitts1982ni@gmail.com,Nigeria,,
Amy,Taylor,1/15/2001,amytaylor2001ni@gmail.com,Nigeria,,
Gregory,Harper,4/14/2007,gregoryharper2007ni@gmail.com,Nigeria,,
Kaitlyn,Wiley,12/10/1993,kaitlynwiley1993ni@gmail.com,Nigeria,,
Alexandra,Fowler,5/31/1985,alexandrafowler1985ni@gmail.com,Nigeria,,
Regina,Olson,10/19/1979,reginaolson1979ni@gmail.com,Nigeria,,
Linda,Ramos,3/26/1989,lindaramos1989ni@gmail.com,Nigeria,,
Robert,Moore,1/22/1965,robertmoore1965ni@gmail.com,Nigeria,,
Aaron,Ochoa,8/13/1973,aaronochoa1973ni@gmail.com,Nigeria,,
Maurice,Harrison,11/27/1964,mauriceharrison1964ni@gmail.com,Nigeria,,
Gwendolyn,Vasquez,10/21/1996,gwendolynvasquez1996ni@gmail.com,Nigeria,,
Kevin,Cannon,4/10/1984,kevincannon1984ni@gmail.com,Nigeria,,
Carla,Robles,8/24/2001,carlarobles2001ni@gmail.com,Nigeria,,
Nathaniel,Jenkins,6/27/2002,nathanieljenkins2002ni@gmail.com,Nigeria,,
Samuel,Wright,11/11/1990,samuelwright1990ni@gmail.com,Nigeria,,
Maria,Walker,9/24/1969,mariawalker1969ni@gmail.com,Nigeria,,
Robert,Allen,1/26/2006,robertallen2006ni@gmail.com,Nigeria,,
Lindsey,Cohen,9/18/1983,lindseycohen1983ni@gmail.com,Nigeria,,
Deborah,Patel,8/20/1982,deborahpatel1982ni@gmail.com,Nigeria,,
Robert,Castaneda,10/2/1976,robertcastaneda1976ni@gmail.com,Nigeria,,
Derrick,Rodriguez,4/30/1995,derrickrodriguez1995ni@gmail.com,Nigeria,,
Christine,Nelson,9/20/2006,christinenelson2006ni@gmail.com,Nigeria,,
Travis,Flores,9/11/1974,travisflores1974ni@gmail.com,Nigeria,,
Brandon,Nichols,12/29/1976,brandonnichols1976ni@gmail.com,Nigeria,,
Teresa,Campbell,11/6/1972,teresacampbell1972ni@gmail.com,Nigeria,,
Jennifer,Acosta,3/8/1980,jenniferacosta1980ni@gmail.com,Nigeria,,
Christopher,Smith,2/14/1979,christophersmith1979ni@gmail.com,Nigeria,,
Matthew,Collins,4/4/1998,matthewcollins1998ni@gmail.com,Nigeria,,
Whitney,Ford,7/2/1966,whitneyford1966ni@gmail.com,Nigeria,,
Mark,Bridges,4/14/1974,markbridges1974ni@gmail.com,Nigeria,,
Brian,Rowe,3/14/1969,brianrowe1969ni@gmail.com,Nigeria,,
Amy,White,5/11/1981,amywhite1981ni@gmail.com,Nigeria,,
Lisa,Clayton,8/22/1972,lisaclayton1972ni@gmail.com,Nigeria,,
Theresa,Espinoza,7/12/1990,theresaespinoza1990ni@gmail.com,Nigeria,,
Kelsey,Ramos,8/15/1966,kelseyramos1966ni@gmail.com,Nigeria,,
James,Moss,9/26/1970,jamesmoss1970ni@gmail.com,Nigeria,,
Adriana,Hendrix,7/8/1996,adrianahendrix1996ni@gmail.com,Nigeria,,
Paul,Ali,4/29/1986,paulali1986ni@gmail.com,Nigeria,,
Eric,Chandler,9/27/2001,ericchandler2001ni@gmail.com,Nigeria,,
Abigail,King,9/4/1984,abigailking1984ni@gmail.com,Nigeria,,
James,Clay,3/1/1979,jamesclay1979ni@gmail.com,Nigeria,,
Teresa,Young,11/20/1993,teresayoung1993ni@gmail.com,Nigeria,,
Mark,Jackson,2/17/1983,markjackson1983ni@gmail.com,Nigeria,,
Brenda,Foster,11/19/1980,brendafoster1980ni@gmail.com,Nigeria,,
Albert,Williams,9/6/1996,albertwilliams1996ni@gmail.com,Nigeria,,
Haley,Moore,6/7/1970,haleymoore1970ni@gmail.com,Nigeria,,
John,Porter,6/10/2006,johnporter2006ni@gmail.com,Nigeria,,
Matthew,Booker,11/18/2006,matthewbooker2006au@gmail.com,Australia,,
Brian,Kelly,10/25/1974,briankelly1974au@gmail.com,Australia,,
Jacqueline,Moody,11/26/1972,jacquelinemoody1972au@gmail.com,Australia,,
Tony,Stewart,5/3/2002,tonystewart2002au@gmail.com,Australia,,
Kristina,Sherman,3/13/1994,kristinasherman1994au@gmail.com,Australia,,
Jessica,Smith,1/18/1990,jessicasmith1990au@gmail.com,Australia,,
Michael,Taylor,1/11/1967,michaeltaylor1967au@gmail.com,Australia,,
Todd,Kim,5/25/1984,toddkim1984au@gmail.com,Australia,,
Amy,Henry,11/27/2002,amyhenry2002au@gmail.com,Australia,,
Jacob,Bailey,3/20/1996,jacobbailey1996au@gmail.com,Australia,,
Joshua,Guerra,1/28/2002,joshuaguerra2002au@gmail.com,Australia,,
Ethan,Schmidt,12/3/1994,ethanschmidt1994au@gmail.com,Australia,,
Kenneth,Baker,4/28/1989,kennethbaker1989au@gmail.com,Australia,,
Shawn,Parsons,10/9/1998,shawnparsons1998au@gmail.com,Australia,,
Nicholas,Lopez,8/13/1965,nicholaslopez1965au@gmail.com,Australia,,
Christine,Diaz,7/19/2006,christinediaz2006au@gmail.com,Australia,,
John,Le,1/6/2001,johnle2001au@gmail.com,Australia,,
Lori,Lee,3/14/1998,lorilee1998au@gmail.com,Australia,,
Katie,Moore,8/11/1983,katiemoore1983au@gmail.com,Australia,,
Marcus,Davidson,11/10/1971,marcusdavidson1971au@gmail.com,Australia,,
Cole,Hopkins,4/28/1967,colehopkins1967au@gmail.com,Australia,,
Mary,Anderson,6/21/1966,maryanderson1966au@gmail.com,Australia,,
James,Washington,1/23/1971,jameswashington1971au@gmail.com,Australia,,
Anthony,May,10/14/1990,anthonymay1990au@gmail.com,Australia,,
Diane,Fox,7/6/2004,dianefox2004au@gmail.com,Australia,,
Jonathan,Diaz,7/30/2005,jonathandiaz2005au@gmail.com,Australia,,
Jennifer,Smith,7/19/1978,jennifersmith1978au@gmail.com,Australia,,
Diana,Hebert,10/13/1969,dianahebert1969au@gmail.com,Australia,,
Taylor,Fowler,11/25/1988,taylorfowler1988au@gmail.com,Australia,,
Angela,Hurley,8/24/1992,angelahurley1992au@gmail.com,Australia,,
Lynn,Bauer,4/23/1968,lynnbauer1968au@gmail.com,Australia,,
Madison,Baker,2/9/1967,madisonbaker1967au@gmail.com,Australia,,
Jessica,Davenport,8/24/1969,jessicadavenport1969au@gmail.com,Australia,,
Shirley,Yu,12/13/1970,shirleyyu1970au@gmail.com,Australia,,
Craig,Hall,7/25/1990,craighall1990au@gmail.com,Australia,,
Jake,Fox,4/9/1981,jakefox1981au@gmail.com,Australia,,
Ashley,Meza,5/5/2002,ashleymeza2002au@gmail.com,Australia,,
Kara,Perry,7/10/1971,karaperry1971au@gmail.com,Australia,,
Katie,Ray,7/23/1995,katieray1995au@gmail.com,Australia,,
Jacqueline,Simmons,6/5/1971,jacquelinesimmons1971au@gmail.com,Australia,,
Garrett,White,9/1/1991,garrettwhite1991au@gmail.com,Australia,,
William,Sandoval,9/3/2000,williamsandoval2000au@gmail.com,Australia,,
Yesenia,Ramos,4/26/1988,yeseniaramos1988au@gmail.com,Australia,,
Rachel,Pierce,6/8/1986,rachelpierce1986au@gmail.com,Australia,,
Megan,Gutierrez,8/23/1993,megangutierrez1993au@gmail.com,Australia,,
Margaret,Morris,9/21/1980,margaretmorris1980au@gmail.com,Australia,,
Anna,Lewis,10/14/2001,annalewis2001au@gmail.com,Australia,,
Sara,King,2/16/1995,saraking1995au@gmail.com,Australia,,
Seth,Sanders,9/13/1966,sethsanders1966au@gmail.com,Australia,,
Tonya,Larson,7/26/1999,tonyalarson1999au@gmail.com,Australia,,
Derek,Zamora,10/15/1964,derekzamora1964au@gmail.com,Australia,,
Kevin,Walker,10/8/1985,kevinwalker1985au@gmail.com,Australia,,
Andrew,Short,2/13/1983,andrewshort1983au@gmail.com,Australia,,
Samantha,Dixon,3/6/2003,samanthadixon2003au@gmail.com,Australia,,
Sara,Moore,11/28/1966,saramoore1966au@gmail.com,Australia,,
Steven,Moore,5/17/1982,stevenmoore1982au@gmail.com,Australia,,
Michael,Perkins,3/13/1980,michaelperkins1980au@gmail.com,Australia,,
Jonathan,Evans,3/1/2003,jonathanevans2003au@gmail.com,Australia,,
Ricardo,Hardin,8/5/1969,ricardohardin1969au@gmail.com,Australia,,
Jennifer,Mcguire,2/9/1976,jennifermcguire1976au@gmail.com,Australia,,
Tracy,Nolan,7/22/2003,tracynolan2003au@gmail.com,Australia,,
Lori,Davis,10/13/1984,loridavis1984au@gmail.com,Australia,,
Benjamin,Stokes,4/22/1990,benjaminstokes1990au@gmail.com,Australia,,
Christian,Brown,2/5/1987,christianbrown1987au@gmail.com,Australia,,
Michael,Montoya,9/7/1992,michaelmontoya1992au@gmail.com,Australia,,
Sarah,Martinez,10/9/1979,sarahmartinez1979au@gmail.com,Australia,,
Julie,Atkinson,2/13/1965,julieatkinson1965au@gmail.com,Australia,,
Cynthia,Chen,1/10/1968,cynthiachen1968au@gmail.com,Australia,,
Kevin,Williams,1/31/2001,kevinwilliams2001au@gmail.com,Australia,,
Annette,Murphy,5/14/1979,annettemurphy1979au@gmail.com,Australia,,
Eric,Nunez,1/29/1991,ericnunez1991au@gmail.com,Australia,,
Tasha,Mullins,6/28/2003,tashamullins2003au@gmail.com,Australia,,
William,Walker,1/23/1984,williamwalker1984au@gmail.com,Australia,,
Kristie,Hernandez,3/21/1987,kristiehernandez1987au@gmail.com,Australia,,
Christopher,Duncan,9/12/1967,christopherduncan1967au@gmail.com,Australia,,
Amy,Baker,6/18/1991,amybaker1991au@gmail.com,Australia,,
Warren,Ayala,3/19/1973,warrenayala1973au@gmail.com,Australia,,
Kathleen,Castillo,10/28/1977,kathleencastillo1977au@gmail.com,Australia,,
Tony,Pearson,9/8/1977,tonypearson1977au@gmail.com,Australia,,
Ann,Shea,1/7/2000,annshea2000au@gmail.com,Australia,,
John,Jones,8/10/1993,johnjones1993au@gmail.com,Australia,,
Marcus,Glass,6/9/1970,marcusglass1970au@gmail.com,Australia,,
Daniel,Gutierrez,3/13/1989,danielgutierrez1989au@gmail.com,Australia,,
Michael,Flores,10/2/2004,michaelflores2004au@gmail.com,Australia,,
Diana,Carrillo,11/10/1975,dianacarrillo1975au@gmail.com,Australia,,
Vanessa,Jensen,6/8/1994,vanessajensen1994au@gmail.com,Australia,,
Cindy,Alexander,3/25/1980,cindyalexander1980au@gmail.com,Australia,,
James,Brooks,3/7/1970,jamesbrooks1970au@gmail.com,Australia,,
Daniel,Brown,8/8/2006,danielbrown2006au@gmail.com,Australia,,
Sara,Melton,12/2/1983,saramelton1983au@gmail.com,Australia,,
Alexander,Benson,11/30/1971,alexanderbenson1971un@gmail.com,United Arab Emirates,,
Kevin,Ruiz,12/4/1986,kevinruiz1986un@gmail.com,United Arab Emirates,,
Jason,Medina,3/18/1978,jasonmedina1978un@gmail.com,United Arab Emirates,,
Amy,Christensen,9/8/2001,amychristensen2001un@gmail.com,United Arab Emirates,,
Timothy,Blair,12/17/1973,timothyblair1973un@gmail.com,United Arab Emirates,,
Heather,Barnett,12/20/1989,heatherbarnett1989un@gmail.com,United Arab Emirates,,
Brandy,Alvarado,4/20/1967,brandyalvarado1967un@gmail.com,United Arab Emirates,,
Jonathan,Brown,12/31/1977,jonathanbrown1977un@gmail.com,United Arab Emirates,,
Kristina,Williamson,12/15/1967,kristinawilliamson1967un@gmail.com,United Arab Emirates,,
Steven,Landry,11/15/1968,stevenlandry1968un@gmail.com,United Arab Emirates,,
Paul,Nelson,11/8/1988,paulnelson1988un@gmail.com,United Arab Emirates,,
Michelle,Smith,8/24/1990,michellesmith1990un@gmail.com,United Arab Emirates,,
Jerry,James,2/13/1971,jerryjames1971un@gmail.com,United Arab Emirates,,
Rebecca,Washington,12/22/2004,rebeccawashington2004un@gmail.com,United Arab Emirates,,
Amanda,Lopez,5/30/1998,amandalopez1998un@gmail.com,United Arab Emirates,,
Tammy,Castro,10/21/1965,tammycastro1965un@gmail.com,United Arab Emirates,,
Bernard,Nielsen,2/3/1985,bernardnielsen1985un@gmail.com,United Arab Emirates,,
Matthew,Long,1/10/1975,matthewlong1975un@gmail.com,United Arab Emirates,,
Andrew,Sutton,7/10/1988,andrewsutton1988un@gmail.com,United Arab Emirates,,
Colleen,Young,6/14/1998,colleenyoung1998un@gmail.com,United Arab Emirates,,
Joshua,Brown,11/16/1981,joshuabrown1981un@gmail.com,United Arab Emirates,,
Natasha,Zamora,5/7/1966,natashazamora1966un@gmail.com,United Arab Emirates,,
Sherry,Avery,9/10/1979,sherryavery1979un@gmail.com,United Arab Emirates,,
Edward,Prince,9/6/1973,edwardprince1973un@gmail.com,United Arab Emirates,,
Christopher,Reyes,1/7/2006,christopherreyes2006un@gmail.com,United Arab Emirates,,
Monique,Parks,9/27/1992,moniqueparks1992un@gmail.com,United Arab Emirates,,
John,Hernandez,8/7/1985,johnhernandez1985un@gmail.com,United Arab Emirates,,
Renee,Murphy,3/29/2001,reneemurphy2001un@gmail.com,United Arab Emirates,,
David,Delgado,11/18/2003,daviddelgado2003un@gmail.com,United Arab Emirates,,
Amber,Mcbride,9/27/1973,ambermcbride1973un@gmail.com,United Arab Emirates,,
Kyle,Thornton,12/27/1999,kylethornton1999un@gmail.com,United Arab Emirates,,
Renee,Jordan,3/21/1974,reneejordan1974un@gmail.com,United Arab Emirates,,
Diana,Cunningham,2/5/1975,dianacunningham1975un@gmail.com,United Arab Emirates,,
Lonnie,Grant,5/25/1972,lonniegrant1972un@gmail.com,United Arab Emirates,,
Jack,Franco,3/30/1974,jackfranco1974un@gmail.com,United Arab Emirates,,
Jessica,Cannon,7/8/1992,jessicacannon1992un@gmail.com,United Arab Emirates,,
Susan,Turner,12/22/1982,susanturner1982un@gmail.com,United Arab Emirates,,
Edwin,Lopez,4/17/1973,edwinlopez1973un@gmail.com,United Arab Emirates,,
Jack,Farmer,12/26/2005,jackfarmer2005un@gmail.com,United Arab Emirates,,
Christina,Obrien,1/5/2006,christinaobrien2006un@gmail.com,United Arab Emirates,,
Jerry,Hall,2/12/1966,jerryhall1966un@gmail.com,United Arab Emirates,,
Michael,Watts,10/10/1996,michaelwatts1996un@gmail.com,United Arab Emirates,,
Dennis,Mathis,3/29/1996,dennismathis1996un@gmail.com,United Arab Emirates,,
Jennifer,Brooks,9/16/1990,jenniferbrooks1990un@gmail.com,United Arab Emirates,,
Travis,Taylor,6/29/1977,travistaylor1977un@gmail.com,United Arab Emirates,,
Jeremy,Ortiz,5/13/1965,jeremyortiz1965un@gmail.com,United Arab Emirates,,
Sara,Clements,6/27/1979,saraclements1979un@gmail.com,United Arab Emirates,,
Julia,Mcneil,4/6/1978,juliamcneil1978un@gmail.com,United Arab Emirates,,
Carl,Ho,3/27/1994,carlho1994un@gmail.com,United Arab Emirates,,
Michelle,Burns,6/14/1986,michelleburns1986un@gmail.com,United Arab Emirates,,
Michelle,Clay,6/8/1993,michelleclay1993un@gmail.com,United Arab Emirates,,
Richard,Williams,3/24/1990,richardwilliams1990un@gmail.com,United Arab Emirates,,
Jennifer,Long,4/6/2003,jenniferlong2003un@gmail.com,United Arab Emirates,,
Brittney,Fox,12/18/1966,brittneyfox1966un@gmail.com,United Arab Emirates,,
Abigail,Hayes,3/25/1967,abigailhayes1967un@gmail.com,United Arab Emirates,,
Natalie,Sanchez,12/10/2000,nataliesanchez2000un@gmail.com,United Arab Emirates,,
Randall,Moss,4/17/2002,randallmoss2002un@gmail.com,United Arab Emirates,,
Paul,Hubbard,9/12/1967,paulhubbard1967un@gmail.com,United Arab Emirates,,
James,Gonzales,1/24/1985,jamesgonzales1985un@gmail.com,United Arab Emirates,,
Kim,Mitchell,9/3/1975,kimmitchell1975un@gmail.com,United Arab Emirates,,
Roberto,Austin,1/20/1968,robertoaustin1968un@gmail.com,United Arab Emirates,,
Hannah,Mckee,11/21/1995,hannahmckee1995un@gmail.com,United Arab Emirates,,
Maria,Hayes,5/30/1998,mariahayes1998un@gmail.com,United Arab Emirates,,
Daniel,Osborne,7/11/2001,danielosborne2001un@gmail.com,United Arab Emirates,,
Derek,Gutierrez,1/9/1995,derekgutierrez1995un@gmail.com,United Arab Emirates,,
Angel,Chavez,1/31/1978,angelchavez1978un@gmail.com,United Arab Emirates,,
Nicole,Davis,5/24/1986,nicoledavis1986un@gmail.com,United Arab Emirates,,
Heather,Meadows,7/3/1975,heathermeadows1975un@gmail.com,United Arab Emirates,,
Jennifer,Martinez,2/10/1972,jennifermartinez1972un@gmail.com,United Arab Emirates,,
Jasmin,Walters,2/23/1970,jasminwalters1970un@gmail.com,United Arab Emirates,,
Alexandria,Cruz,2/28/1999,alexandriacruz1999un@gmail.com,United Arab Emirates,,
Cheryl,Moore,10/16/2001,cherylmoore2001un@gmail.com,United Arab Emirates,,
Oscar,Tate,2/25/1987,oscartate1987un@gmail.com,United Arab Emirates,,
Ariana,Keller,7/22/1974,arianakeller1974un@gmail.com,United Arab Emirates,,
Fernando,Thomas,11/1/1967,fernandothomas1967un@gmail.com,United Arab Emirates,,
Robert,Collins,9/16/1994,robertcollins1994un@gmail.com,United Arab Emirates,,
Keith,White,4/18/1973,keithwhite1973un@gmail.com,United Arab Emirates,,
Susan,Smith,7/26/1981,susansmith1981un@gmail.com,United Arab Emirates,,
Alexander,Jimenez,4/10/1998,alexanderjimenez1998un@gmail.com,United Arab Emirates,,
Amy,Smith,12/3/1997,amysmith1997un@gmail.com,United Arab Emirates,,
John,Chapman,9/17/1996,johnchapman1996un@gmail.com,United Arab Emirates,,
Shawn,Ramos,4/3/2005,shawnramos2005un@gmail.com,United Arab Emirates,,
Carol,Sanchez,8/3/2001,carolsanchez2001un@gmail.com,United Arab Emirates,,
Joshua,Fuller,6/21/1978,joshuafuller1978un@gmail.com,United Arab Emirates,,
Brandon,Hernandez,2/3/1988,brandonhernandez1988un@gmail.com,United Arab Emirates,,
Benjamin,Nash,9/6/2003,benjaminnash2003un@gmail.com,United Arab Emirates,,
Mary,Evans,4/23/1970,maryevans1970un@gmail.com,United Arab Emirates,,
Brandon,Butler,6/21/1976,brandonbutler1976un@gmail.com,United Arab Emirates,,
Evan,Mitchell,10/30/2004,evanmitchell2004un@gmail.com,United Arab Emirates,,
Ashley,Hart,4/30/1995,ashleyhart1995un@gmail.com,United Arab Emirates,,
Ricardo,Murillo,10/12/1966,ricardomurillo1966me@gmail.com,Mexico,,
Aurelio,Luna,4/23/1986,aurelioluna1986me@gmail.com,Mexico,,
José Carlos,Ojeda,12/11/1968,josécarlosojeda1968me@gmail.com,Mexico,,
Luis,Urbina,10/4/1968,luisurbina1968me@gmail.com,Mexico,,
Guillermo,Rodríguez,7/1/1973,guillermorodríguez1973me@gmail.com,Mexico,,
Carlos,Laureano,9/29/1986,carloslaureano1986me@gmail.com,Mexico,,
Olivia,Pedraza,1/17/2000,oliviapedraza2000me@gmail.com,Mexico,,
Enrique,Fuentes,12/28/2005,enriquefuentes2005me@gmail.com,Mexico,,
Ana Luisa,Cardona,3/23/2003,analuisacardona2003me@gmail.com,Mexico,,
Sonia,Tafoya,4/23/1970,soniatafoya1970me@gmail.com,Mexico,,
Maximiliano,Zedillo,11/20/1983,maximilianozedillo1983me@gmail.com,Mexico,,
Luis,Mateo,1/4/1982,luismateo1982me@gmail.com,Mexico,,
Olivia,Velasco,10/2/2006,oliviavelasco2006me@gmail.com,Mexico,,
Joaquín,Ceballos,2/22/2006,joaquínceballos2006me@gmail.com,Mexico,,
Ramón,Salgado,9/16/1999,ramónsalgado1999me@gmail.com,Mexico,,
Susana,Salinas,11/9/1997,susanasalinas1997me@gmail.com,Mexico,,
Dolores,Gonzales,2/10/1984,doloresgonzales1984me@gmail.com,Mexico,,
Eloisa,Abreu,5/21/1972,eloisaabreu1972me@gmail.com,Mexico,,
Alberto,Rivero,11/26/2006,albertorivero2006me@gmail.com,Mexico,,
Caridad,Franco,3/19/2006,caridadfranco2006me@gmail.com,Mexico,,
Linda,Pedraza,6/9/1967,lindapedraza1967me@gmail.com,Mexico,,
Isabela,Montez,6/24/2002,isabelamontez2002me@gmail.com,Mexico,,
Teodoro,Galindo,2/9/1965,teodorogalindo1965me@gmail.com,Mexico,,
Timoteo,Ferrer,7/4/1983,timoteoferrer1983me@gmail.com,Mexico,,
Florencia,Barreto,4/14/1985,florenciabarreto1985me@gmail.com,Mexico,,
Helena,Santillán,10/8/2001,helenasantillán2001me@gmail.com,Mexico,,
Irene,Aguayo,2/2/1972,ireneaguayo1972me@gmail.com,Mexico,,
Isabela,Mondragón,4/17/1991,isabelamondragón1991me@gmail.com,Mexico,,
Rebeca,Anaya,4/17/1976,rebecaanaya1976me@gmail.com,Mexico,,
Eloisa,Menéndez,5/4/1987,eloisamenéndez1987me@gmail.com,Mexico,,
Zacarías,Roque,8/18/1996,zacaríasroque1996me@gmail.com,Mexico,,
Alejandro,Chacón,2/8/1997,alejandrochacón1997me@gmail.com,Mexico,,
Cristal,Rincón,11/18/2000,cristalrincón2000me@gmail.com,Mexico,,
Israel,Ríos,7/5/1992,israelríos1992me@gmail.com,Mexico,,
Anabel,Soliz,9/17/1984,anabelsoliz1984me@gmail.com,Mexico,,
Raúl,Mata,2/14/2002,raúlmata2002me@gmail.com,Mexico,,
Omar,Almaraz,7/7/1978,omaralmaraz1978me@gmail.com,Mexico,,
Reynaldo,Meraz,5/27/1988,reynaldomeraz1988me@gmail.com,Mexico,,
Andrés,Córdova,6/5/1983,andréscórdova1983me@gmail.com,Mexico,,
Alta  Gracia,Mojica,11/16/1989,altagraciamojica1989me@gmail.com,Mexico,,
Socorro,Téllez,8/21/1975,socorrotéllez1975me@gmail.com,Mexico,,
Reina,Zelaya,11/7/1990,reinazelaya1990me@gmail.com,Mexico,,
Eduardo,Yáñez,4/17/1972,eduardoyáñez1972me@gmail.com,Mexico,,
Homero,Mascareñas,6/30/1966,homeromascareñas1966me@gmail.com,Mexico,,
Georgina,Pedraza,4/1/1970,georginapedraza1970me@gmail.com,Mexico,,
Miriam,Granados,8/17/1989,miriamgranados1989me@gmail.com,Mexico,,
María Cristina,Madrid,1/19/1979,maríacristinamadrid1979me@gmail.com,Mexico,,
Ofelia,Madrid,4/1/1976,ofeliamadrid1976me@gmail.com,Mexico,,
Bruno,Noriega,11/20/1966,brunonoriega1966me@gmail.com,Mexico,,
Eloy,Caballero,7/17/1994,eloycaballero1994me@gmail.com,Mexico,,
Natividad,Alvarado,3/9/1997,natividadalvarado1997me@gmail.com,Mexico,,
Mónica,Corrales,4/14/1977,mónicacorrales1977me@gmail.com,Mexico,,
Jacinto,Roybal,12/22/1999,jacintoroybal1999me@gmail.com,Mexico,,
Horacio,Menchaca,2/3/1974,horaciomenchaca1974me@gmail.com,Mexico,,
Berta,Sevilla,5/16/1973,bertasevilla1973me@gmail.com,Mexico,,
Emiliano,Arce,8/8/1995,emilianoarce1995me@gmail.com,Mexico,,
Julia,Solorio,3/23/1972,juliasolorio1972me@gmail.com,Mexico,,
Abigail,Márquez,5/4/1967,abigailmárquez1967me@gmail.com,Mexico,,
Rosario,Brito,1/8/1987,rosariobrito1987me@gmail.com,Mexico,,
Mayte,Arredondo,5/11/1971,maytearredondo1971me@gmail.com,Mexico,,
Nicolás,Marrero,11/14/1965,nicolásmarrero1965me@gmail.com,Mexico,,
Reynaldo,Marrero,8/15/1978,reynaldomarrero1978me@gmail.com,Mexico,,
Inés,Fernández,6/11/1977,inésfernández1977me@gmail.com,Mexico,,
Gonzalo,Lebrón,7/24/2000,gonzalolebrón2000me@gmail.com,Mexico,,
Indira,Quintana,5/7/1972,indiraquintana1972me@gmail.com,Mexico,,
Georgina,Córdova,1/22/1975,georginacórdova1975me@gmail.com,Mexico,,
Gerardo,Carrero,5/19/1965,gerardocarrero1965me@gmail.com,Mexico,,
Silvia,Valencia,4/29/1999,silviavalencia1999me@gmail.com,Mexico,,
Benjamín,Fonseca,4/5/2001,benjamínfonseca2001me@gmail.com,Mexico,,
Jerónimo,Ulloa,1/5/1986,jerónimoulloa1986me@gmail.com,Mexico,,
Genaro,Cisneros,8/14/1983,genarocisneros1983me@gmail.com,Mexico,,
Renato,Guevara,12/31/1975,renatoguevara1975me@gmail.com,Mexico,,
Angélica,Márquez,1/27/2006,angélicamárquez2006me@gmail.com,Mexico,,
Ivonne,Toledo,7/13/1994,ivonnetoledo1994me@gmail.com,Mexico,,
Amador,Cedillo,4/25/1966,amadorcedillo1966me@gmail.com,Mexico,,
Mariana,Arteaga,7/20/1971,marianaarteaga1971me@gmail.com,Mexico,,
Juan Carlos,Ayala,3/15/1970,juancarlosayala1970me@gmail.com,Mexico,,
Luis,Orosco,7/9/1976,luisorosco1976me@gmail.com,Mexico,,
Rubén,Villarreal,3/6/2007,rubénvillarreal2007me@gmail.com,Mexico,,
Marisela,Moya,8/8/1985,mariselamoya1985me@gmail.com,Mexico,,
Isabela,Fajardo,8/23/2000,isabelafajardo2000me@gmail.com,Mexico,,
Arcelia,Rivero,12/24/2002,arceliarivero2002me@gmail.com,Mexico,,
César,Cabán,3/17/1996,césarcabán1996me@gmail.com,Mexico,,
Beatriz,Reséndez,6/18/1985,beatrizreséndez1985me@gmail.com,Mexico,,
Trinidad,Rivero,5/12/1996,trinidadrivero1996me@gmail.com,Mexico,,
Esther,Garrido,2/14/1974,esthergarrido1974me@gmail.com,Mexico,,
Sergio,Holguín,1/27/1989,sergioholguín1989me@gmail.com,Mexico,,
Julio César,Elizondo,10/27/1986,juliocésarelizondo1986me@gmail.com,Mexico,,
Irma,Rendón,7/8/1997,irmarendón1997me@gmail.com,Mexico,,
Alta  Gracia,Barragán,9/8/1996,altagraciabarragán1996me@gmail.com,Mexico,,
Daniel,Mendoza,12/19/1975,danielmendoza1975ph@gmail.com,Philippines,,
Justin,Bailey,6/13/2003,justinbailey2003ph@gmail.com,Philippines,,
David,Garcia,8/16/1971,davidgarcia1971ph@gmail.com,Philippines,,
Mark,Banks,11/25/1984,markbanks1984ph@gmail.com,Philippines,,
Amanda,Morales,6/23/1992,amandamorales1992ph@gmail.com,Philippines,,
John,Sanchez,3/1/1975,johnsanchez1975ph@gmail.com,Philippines,,
Terri,Reyes,7/12/1987,terrireyes1987ph@gmail.com,Philippines,,
Jared,Benson,9/6/1993,jaredbenson1993ph@gmail.com,Philippines,,
Kristen,Graham,8/18/1987,kristengraham1987ph@gmail.com,Philippines,,
Amy,Young,8/23/1969,amyyoung1969ph@gmail.com,Philippines,,
Jodi,Joseph,6/16/1997,jodijoseph1997ph@gmail.com,Philippines,,
Danny,Carlson,6/26/1986,dannycarlson1986ph@gmail.com,Philippines,,
Angela,Short,4/30/1976,angelashort1976ph@gmail.com,Philippines,,
Kyle,Sullivan,1/19/2005,kylesullivan2005ph@gmail.com,Philippines,,
Daniel,Cervantes,2/15/1990,danielcervantes1990ph@gmail.com,Philippines,,
Mark,Newman,7/11/1968,marknewman1968ph@gmail.com,Philippines,,
Christopher,Montoya,11/12/2003,christophermontoya2003ph@gmail.com,Philippines,,
Rebecca,Fields,5/9/1964,rebeccafields1964ph@gmail.com,Philippines,,
Katherine,Guerrero,3/2/1995,katherineguerrero1995ph@gmail.com,Philippines,,
Amanda,Price,9/2/2003,amandaprice2003ph@gmail.com,Philippines,,
Sergio,Harris,11/20/1985,sergioharris1985ph@gmail.com,Philippines,,
Kevin,Bauer,1/24/1985,kevinbauer1985ph@gmail.com,Philippines,,
Samantha,Zuniga,10/8/1987,samanthazuniga1987ph@gmail.com,Philippines,,
Veronica,Aguilar,12/14/2005,veronicaaguilar2005ph@gmail.com,Philippines,,
Valerie,Powell,1/8/1973,valeriepowell1973ph@gmail.com,Philippines,,
Melissa,Brown,9/10/2001,melissabrown2001ph@gmail.com,Philippines,,
Tammy,Smith,6/14/2002,tammysmith2002ph@gmail.com,Philippines,,
Lori,Howard,7/19/1983,lorihoward1983ph@gmail.com,Philippines,,
Michelle,Young,7/2/2004,michelleyoung2004ph@gmail.com,Philippines,,
Phillip,Flores,5/23/1990,phillipflores1990ph@gmail.com,Philippines,,
Richard,Graham,9/18/1978,richardgraham1978ph@gmail.com,Philippines,,
Elaine,Wells,2/24/1977,elainewells1977ph@gmail.com,Philippines,,
Angela,Bridges,11/10/1988,angelabridges1988ph@gmail.com,Philippines,,
Mary,Moore,11/19/1972,marymoore1972ph@gmail.com,Philippines,,
Dennis,Jones,5/30/1965,dennisjones1965ph@gmail.com,Philippines,,
Douglas,Dyer,1/23/1994,douglasdyer1994ph@gmail.com,Philippines,,
Theresa,Taylor,9/5/1973,theresataylor1973ph@gmail.com,Philippines,,
Dawn,Perry,5/17/1995,dawnperry1995ph@gmail.com,Philippines,,
Patricia,Dominguez,4/23/1993,patriciadominguez1993ph@gmail.com,Philippines,,
Cindy,Gibson,3/15/1993,cindygibson1993ph@gmail.com,Philippines,,
Andrea,Cole,7/9/1988,andreacole1988ph@gmail.com,Philippines,,
Jeremiah,Coleman,11/5/1964,jeremiahcoleman1964ph@gmail.com,Philippines,,
Becky,Bradford,6/14/1980,beckybradford1980ph@gmail.com,Philippines,,
Jennifer,Adams,7/5/2001,jenniferadams2001ph@gmail.com,Philippines,,
Barbara,Johnson,12/2/1966,barbarajohnson1966ph@gmail.com,Philippines,,
Ashley,Bush,1/16/1972,ashleybush1972ph@gmail.com,Philippines,,
Betty,Nixon,10/15/1969,bettynixon1969ph@gmail.com,Philippines,,
Douglas,Simon,5/11/1983,douglassimon1983ph@gmail.com,Philippines,,
Steven,Miller,11/9/2005,stevenmiller2005ph@gmail.com,Philippines,,
Christopher,Kennedy,8/27/1969,christopherkennedy1969ph@gmail.com,Philippines,,
Gabriella,Ryan,10/14/2003,gabriellaryan2003ph@gmail.com,Philippines,,
Larry,Brown,9/20/1987,larrybrown1987ph@gmail.com,Philippines,,
Amanda,Smith,3/29/1995,amandasmith1995ph@gmail.com,Philippines,,
William,Harrison,11/25/1986,williamharrison1986ph@gmail.com,Philippines,,
Robert,Yu,5/22/1984,robertyu1984ph@gmail.com,Philippines,,
Keith,Johnson,1/4/2005,keithjohnson2005ph@gmail.com,Philippines,,
Kara,Acosta,9/13/2002,karaacosta2002ph@gmail.com,Philippines,,
Jorge,Soto,9/7/2003,jorgesoto2003ph@gmail.com,Philippines,,
Gary,Williams,3/12/1984,garywilliams1984ph@gmail.com,Philippines,,
Lisa,Weber,11/10/1983,lisaweber1983ph@gmail.com,Philippines,,
Todd,Martinez,7/28/1969,toddmartinez1969ph@gmail.com,Philippines,,
Melissa,Ramirez,5/12/1973,melissaramirez1973ph@gmail.com,Philippines,,
Christina,Hill,10/29/1981,christinahill1981ph@gmail.com,Philippines,,
Alexis,Rodriguez,3/23/1976,alexisrodriguez1976ph@gmail.com,Philippines,,
Renee,Stevenson,9/26/1994,reneestevenson1994ph@gmail.com,Philippines,,
Mitchell,Thompson,5/31/1980,mitchellthompson1980ph@gmail.com,Philippines,,
Todd,Lloyd,8/5/1966,toddlloyd1966ph@gmail.com,Philippines,,
Matthew,Miller,3/19/1974,matthewmiller1974ph@gmail.com,Philippines,,
Caitlin,Underwood,2/2/1998,caitlinunderwood1998ph@gmail.com,Philippines,,
Karen,Gutierrez,6/1/1990,karengutierrez1990ph@gmail.com,Philippines,,
John,Alexander,9/22/1975,johnalexander1975ph@gmail.com,Philippines,,
Jason,Navarro,10/28/1987,jasonnavarro1987ph@gmail.com,Philippines,,
Brian,Baker,3/27/1972,brianbaker1972ph@gmail.com,Philippines,,
Brian,Marshall,9/30/1996,brianmarshall1996ph@gmail.com,Philippines,,
Kevin,Reese,7/30/2000,kevinreese2000ph@gmail.com,Philippines,,
Jesus,Vega,11/20/1990,jesusvega1990ph@gmail.com,Philippines,,
Thomas,Thomas,12/4/1993,thomasthomas1993ph@gmail.com,Philippines,,
Alexander,Ho,11/19/1994,alexanderho1994ph@gmail.com,Philippines,,
Patrick,Stewart,6/4/2000,patrickstewart2000ph@gmail.com,Philippines,,
Felicia,Williams,6/30/2000,feliciawilliams2000ph@gmail.com,Philippines,,
Dana,Blanchard,9/22/1993,danablanchard1993ph@gmail.com,Philippines,,
Cheryl,Pearson,11/22/1982,cherylpearson1982ph@gmail.com,Philippines,,
Matthew,Adams,1/11/1971,matthewadams1971ph@gmail.com,Philippines,,
Jonathan,Silva,9/20/1995,jonathansilva1995ph@gmail.com,Philippines,,
Kendra,Curry,5/27/2004,kendracurry2004ph@gmail.com,Philippines,,
Kaylee,Meyer,8/1/1976,kayleemeyer1976ph@gmail.com,Philippines,,
Lawrence,Smith,12/1/1964,lawrencesmith1964ph@gmail.com,Philippines,,
Marie,Smith,12/28/1970,mariesmith1970ph@gmail.com,Philippines,,
Alicia,Jennings,4/5/1988,aliciajennings1988ph@gmail.com,Philippines,,
Jeffrey,Campbell,6/25/1977,jeffreycampbell1977ph@gmail.com,Philippines,,
Filip,Buśko,6/29/2006,filipbuśko2006po@gmail.com,Poland,,
Tomasz,Oszust,10/9/2004,tomaszoszust2004po@gmail.com,Poland,,
Przemysław,Pierzak,8/18/1972,przemysławpierzak1972po@gmail.com,Poland,,
Ignacy,Palus,6/28/2005,ignacypalus2005po@gmail.com,Poland,,
Adrian,Kulczak,11/11/2002,adriankulczak2002po@gmail.com,Poland,,
Daniel,Rosłoń,11/20/1971,danielrosłoń1971po@gmail.com,Poland,,
Daniel,Żołądź,5/21/1984,danielżołądź1984po@gmail.com,Poland,,
Roksana,Andryszczyk,6/29/1969,roksanaandryszczyk1969po@gmail.com,Poland,,
Agnieszka,Klimko,5/25/1993,agnieszkaklimko1993po@gmail.com,Poland,,
Kazimierz,Fabiszak,5/13/1975,kazimierzfabiszak1975po@gmail.com,Poland,,
Wojciech,Perczak,8/2/1968,wojciechperczak1968po@gmail.com,Poland,,
Fryderyk,Wota,12/24/1986,fryderykwota1986po@gmail.com,Poland,,
Stanisław,Rudolf,5/9/1982,stanisławrudolf1982po@gmail.com,Poland,,
Kajetan,Sulich,1/23/1969,kajetansulich1969po@gmail.com,Poland,,
Marika,Bubak,11/15/2005,marikabubak2005po@gmail.com,Poland,,
Kamila,Domian,10/29/1997,kamiladomian1997po@gmail.com,Poland,,
Dominik,Stanaszek,2/17/2001,dominikstanaszek2001po@gmail.com,Poland,,
Kornelia,Owsiak,2/14/2006,korneliaowsiak2006po@gmail.com,Poland,,
Dominik,Kiełbik,12/19/1981,dominikkiełbik1981po@gmail.com,Poland,,
Paweł,Bielas,4/21/1969,pawełbielas1969po@gmail.com,Poland,,
Wojciech,Szałata,5/24/1981,wojciechszałata1981po@gmail.com,Poland,,
Adrianna,Wiatrak,3/18/1998,adriannawiatrak1998po@gmail.com,Poland,,
Krystian,Bisaga,5/26/1964,krystianbisaga1964po@gmail.com,Poland,,
Piotr,Kopała,11/30/1990,piotrkopała1990po@gmail.com,Poland,,
Cezary,Warych,10/14/1986,cezarywarych1986po@gmail.com,Poland,,
Kamila,Lizurej,8/5/1964,kamilalizurej1964po@gmail.com,Poland,,
Ida,Karwala,9/24/1997,idakarwala1997po@gmail.com,Poland,,
Malwina,Zaniewicz,10/30/1991,malwinazaniewicz1991po@gmail.com,Poland,,
Krzysztof,Dziduch,9/17/1979,krzysztofdziduch1979po@gmail.com,Poland,,
Jakub,Wydrych,2/22/1997,jakubwydrych1997po@gmail.com,Poland,,
Marcel,Basak,10/8/2000,marcelbasak2000po@gmail.com,Poland,,
Maurycy,Borkiewicz,12/12/1984,maurycyborkiewicz1984po@gmail.com,Poland,,
Blanka,Stypuła,7/6/1970,blankastypuła1970po@gmail.com,Poland,,
Dariusz,Gomoła,6/26/1987,dariuszgomoła1987po@gmail.com,Poland,,
Maksymilian,Świergiel,8/15/1995,maksymilianświergiel1995po@gmail.com,Poland,,
Aleks,Słomiany,3/1/1978,alekssłomiany1978po@gmail.com,Poland,,
Kajetan,Pośnik,1/7/1967,kajetanpośnik1967po@gmail.com,Poland,,
Ernest,Zuziak,5/4/1977,ernestzuziak1977po@gmail.com,Poland,,
Radosław,Boduch,11/21/1990,radosławboduch1990po@gmail.com,Poland,,
Dominik,Kornak,10/15/1988,dominikkornak1988po@gmail.com,Poland,,
Ada,Więckiewicz,2/23/1994,adawięckiewicz1994po@gmail.com,Poland,,
Rafał,Gągała,10/9/1966,rafałgągała1966po@gmail.com,Poland,,
Eryk,Orkisz,9/9/2004,erykorkisz2004po@gmail.com,Poland,,
Tadeusz,Sajda,10/18/1990,tadeuszsajda1990po@gmail.com,Poland,,
Wiktor,Suchojad,2/15/2001,wiktorsuchojad2001po@gmail.com,Poland,,
Norbert,Zadka,9/4/2000,norbertzadka2000po@gmail.com,Poland,,
Aniela,Szybiak,11/11/1966,anielaszybiak1966po@gmail.com,Poland,,
Natan,Wołczyk,4/29/1987,natanwołczyk1987po@gmail.com,Poland,,
Maciej,Plebanek,5/20/1972,maciejplebanek1972po@gmail.com,Poland,,
Bruno,Zemanek,12/10/1999,brunozemanek1999po@gmail.com,Poland,,
Róża,Gajcy,11/8/2000,różagajcy2000po@gmail.com,Poland,,
Krystian,Bawoł,10/7/2003,krystianbawoł2003po@gmail.com,Poland,,
Jerzy,Armatys,11/7/1966,jerzyarmatys1966po@gmail.com,Poland,,
Julian,Szatanik,8/21/1965,julianszatanik1965po@gmail.com,Poland,,
Natasza,Pawela,6/17/1967,nataszapawela1967po@gmail.com,Poland,,
Andrzej,Solich,3/23/1973,andrzejsolich1973po@gmail.com,Poland,,
Bartek,Jarczak,9/28/1967,bartekjarczak1967po@gmail.com,Poland,,
Norbert,Grześków,12/18/1970,norbertgrześków1970po@gmail.com,Poland,,
Agnieszka,Domowicz,12/16/1975,agnieszkadomowicz1975po@gmail.com,Poland,,
Tola,Morys,7/30/1971,tolamorys1971po@gmail.com,Poland,,
Oliwier,Klinger,10/30/2004,oliwierklinger2004po@gmail.com,Poland,,
Borys,Pakosz,2/17/1978,boryspakosz1978po@gmail.com,Poland,,
Marianna,Staciwa,9/12/1991,mariannastaciwa1991po@gmail.com,Poland,,
Arkadiusz,Pizoń,7/15/2003,arkadiuszpizoń2003po@gmail.com,Poland,,
Inga,Pusz,3/24/1986,ingapusz1986po@gmail.com,Poland,,
Bruno,Melcer,6/12/1967,brunomelcer1967po@gmail.com,Poland,,
Tola,Gierek,3/4/1987,tolagierek1987po@gmail.com,Poland,,
Wiktor,Pizoń,12/24/1982,wiktorpizoń1982po@gmail.com,Poland,,
Julian,Siciarz,8/4/1992,juliansiciarz1992po@gmail.com,Poland,,
Alan,Pryk,7/7/1989,alanpryk1989po@gmail.com,Poland,,
Bianka,Świtaj,3/11/1994,biankaświtaj1994po@gmail.com,Poland,,
Andrzej,Uroda,2/10/1967,andrzejuroda1967po@gmail.com,Poland,,
Łukasz,Dmoch,1/7/2006,łukaszdmoch2006po@gmail.com,Poland,,
Albert,Gabryszak,1/28/1975,albertgabryszak1975po@gmail.com,Poland,,
Kacper,Dej,6/24/1997,kacperdej1997po@gmail.com,Poland,,
Maksymilian,Anders,10/31/1964,maksymiliananders1964po@gmail.com,Poland,,
Kajetan,Strzyż,9/29/2004,kajetanstrzyż2004po@gmail.com,Poland,,
Ryszard,Żołnierczyk,9/25/1996,ryszardżołnierczyk1996po@gmail.com,Poland,,
Hubert,Wałęsa,1/29/1974,hubertwałęsa1974po@gmail.com,Poland,,
Jeremi,Sznura,12/29/1994,jeremisznura1994po@gmail.com,Poland,,
Klara,Jaremko,3/21/1976,klarajaremko1976po@gmail.com,Poland,,
Piotr,Wlazły,8/3/1976,piotrwlazły1976po@gmail.com,Poland,,
Sonia,Chaberek,5/1/1970,soniachaberek1970po@gmail.com,Poland,,
Emil,Malisz,11/2/1992,emilmalisz1992po@gmail.com,Poland,,
Jan,Kozdroń,5/17/1980,jankozdroń1980po@gmail.com,Poland,,
Eryk,Pyć,6/3/2000,erykpyć2000po@gmail.com,Poland,,
Patryk,Graban,12/20/1988,patrykgraban1988po@gmail.com,Poland,,
Rozalia,Kierat,4/7/1979,rozaliakierat1979po@gmail.com,Poland,,
Marcelina,Wyłupek,12/21/2006,marcelinawyłupek2006po@gmail.com,Poland,,
Nikodem,Klimko,12/15/1967,nikodemklimko1967po@gmail.com,Poland,,
